UserRole,EmployeeName,Status,Username,Password,ConfirmPassword
1,Timothy Lewis Amiano,TRUE,john_doe1,John@2025#Doe!,John@2025#Doe!
1,Qwerty LName,TRUE,jane_smith2,Jane@2025#Smith!,Jane@2025#Smith!
1,Milan Becker,TRUE,jim_brown3,Jim@2025#Brown!,Jim@2025#Brown!
1,Rocio Runte,TRUE,tom_white4,Tom@2025#White!,Tom@2025#White!
1,Jobin Sam,TRUE,sarah_jones5,Sarah@2025#Jones!,Sarah@2025#Jones!
1,Kanaka Vathi,TRUE,mike_clark6,Mike@2025#Clark!,Mike@2025#Clark!
1,Virat Kohli,TRUE,lisa_kelly7,Lisa@2025#Kelly!,Lisa@2025#Kelly!
1,Willow Krajcik,TRUE,david_moore8,David@2025#Moore!,David@2025#Moore!
1,Milan Becker,TRUE,emily_wilson9,Emily@2025#Wilson!,Emily@2025#Wilson!
1,Timothy Lewis Amiano,TRUE,robert_taylor10,Robert@2025#Taylor!,Robert@2025#Taylor!
1,Qwerty LName,TRUE,alice_davis11,Alice@2025#Davis!,Alice@2025#Davis!
1,Milan Becker,TRUE,charles_martin12,Charles@2025#Martin!,Charles@2025#Martin!
1,Rocio Runte,TRUE,betty_evans13,Betty@2025#Evans!,Betty@2025#Evans!
1,Jobin Sam,TRUE,frank_harris14,Frank@2025#Harris!,Frank@2025#Harris!
1,Kanaka Vathi,TRUE,olivia_james15,Olivia@2025#James!,Olivia@2025#James!
1,Virat Kohli,TRUE,jack_lee16,Jack@2025#Lee!,Jack@2025#Lee!
1,Willow Krajcik,TRUE,mary_white17,Mary@2025#White!,Mary@2025#White!
1,Milan Becker,TRUE,kevin_jackson18,Kevin@2025#Jackson!,Kevin@2025#Jackson!
1,Timothy Lewis Amiano,TRUE,susan_scott19,Susan@2025#Scott!,Susan@2025#Scott!
1,Milan Becker,TRUE,peter_adams20,Peter@2025#Adams!,Peter@2025#Adams!
